model,precision@10,recall@10
user_based_cf,0.004608294930875576,0.01591568527052398
item_based_tfidf,0.005164319248826292,0.01652321335419927
